Model,Accuracy,Precision,Recall,F1-Score
Random Forest,0.9454545454545454,0.9764705882352941,0.9222222222222223,0.9485714285714286
Logistic Regression,0.8727272727272727,0.9058823529411765,0.8555555555555555,0.88
KNN,0.806060606060606,0.8918918918918919,0.7333333333333333,0.8048780487804879
SVM,0.8909090909090909,0.9186046511627907,0.8777777777777778,0.8977272727272727
